Full Name,First Name,Last Name
"Akiyama, Mami",Mami,Akiyama
"AlSayyad, Yusra",Yusra,AlSayyad
"Anderson, Kassandra",Kassandra,Anderson
"Antonetti, Victoria",Victoria,Antonetti
"Armillotta, Lucia",Lucia,Armillotta
"Arredondo, Nijaid",Nijaid,Arredondo
"Axsom, Keith",Keith,Axsom
"Bahcall, Neta",Neta,Bahcall
"Baily, Avery",Avery,Baily
"Bakos, Gaspar",Gaspar,Bakos
"Bambic, Chris",Chris,Bambic
"Bandyopadhyay, Riddhi",Riddhi,Bandyopadhyay
"Beaton, Rachael",Rachael,Beaton
"Beden, Lance",Lance,Beden
"Bhattacharjee, Amitava",Amitava,Bhattacharjee
"Bosch, James",James,Bosch
"Bott, Archie",Archie,Bott
"Bouma, Luke",Luke,Bouma
"Bowen, David",David,Bowen
"Brennan, Dylan",Dylan,Brennan
"Burrows, Adam",Adam,Burrows
"Cantiello, Matteo",Matteo,Cantiello
"Caplar, Neven",Neven,Caplar
"Carlsten, Scott",Scott,Carlsten
"Cen, Renyue",Renyue,Cen
"Cerri, Silvio",Silvio Sergio,Cerri
"Chyba, Chris",Christopher,Chyba
"Coleman, Matthew",Matthew,Coleman
"Cowley, Sir Steven",Steven,Cowley
"Cranmer, Miles",Miles,Cranmer
"Csubry, Zoltan",Zoltan,Csubry
"Dalal, Roohi",Roohi,Dalal
"Danieli, Shany",Shany,Danieli
"De La Cruz, Lita",Lita,De La Cruz
DeLuca Michael,Michael,DeLuca
"Dong, Chuanfei",Chuanfei,Dong
"Dosopoulou, Fani",Fani,Dosopoulou
"Draine, Bruce",Bruce,Draine
"Duncan, Susan",Susan,Duncan
"Dunkley, Jo",Joanna,Dunkley
"Ebrahimi, Fatima",Fatima,Ebrahimi
"Eddy, Tyler",Tyler,Eddy
"Escala, Ivanna",Ivanna,Escala
"Fisch, Nathaniel",Nathaniel,Fisch
"Flowers, Erin",Erin,Flowers
"Forese, Mark",Mark,Forese
"Fox, Will",William,Fox
"Galishnikova, Alisa",Alisa,Galishnikova
"Getachew, Tibebu",Tibebu,Getachew
"Goldston, Rob",Robert,Godston
"Goodman, Jeremy",Jeremy,Goodman
"Gott, Richard",J. Richard,Gott
"Goulding, Andy",Andrew,Goulding
"Greene, Jenny",Jenny,Greene
"Gu, Meng",Meng,Gu
"Gunn, James",James,Gunn
"Hahn, ChangHoon",ChangHoon,Hahn
"Hakobyan, Hayk",Hayk,Hakobyan
"Halevi, Goni",Goni,Halevi
"Hartman, Joel",Joel,Hartman
"Helton, Jake",Jake,Helton
"Hensley, Brandon",Brandon,Hensley
"Hojeibane, Tammy",Tammy,Hojeibane
"Horowitz, Benjamin",Benjamin,Horowitz
"Huang, Song",Song,Huang
"Huang, Yi-Min",Yi-Min,Huang
"Huston, Steven",Steven,Huston
"Jenkins, Edward",Edward,Jenkins
"Jia, He",He,Jia
"Ji, Hantao",Hantao,Ji
"Joseph, Remy",Remy,Joseph
"Joyce, Colin",Colin,Joyce
"Kado-Fong, Erin",Erin,Kado-Fong
"Karoji, Hiroshi",Hiroshi,Karoji
"Keegan, Cade",Cade,Keegan
"Kim, Chang-Goo",Changgoo,Kim
"Kim, Jeong-Gyu",Jeong-Gyu,Kim
"Knapp, Gillian",Gillian,Knapp
"Kokubo, Mitsuru",Mitsuru,Kokubo
"Koven, Leigh",Leigh,Koven
"Kreisch, Christina",Christina,Kreisch
"Kulsrud, Russell",Russell,Kulsrud
"Kunz, Matthew",Matthew,Kunz
"Lacy, Brianna",Brianna,Lacy
"Lancaster, Lachlan",Lachlan,Lancaster
"Le Fur, Arnaud",Arnaud,Le Fur
"Lemonick, Michael",Michael,Lemonick
"Levine, Marlene",Marlene,Levine
"Li, Zach",Zach,Li
"Lindsey, Kristie",Kristie,Lindsey
"Lipman, Mindy",Mindy,Lipman
"Lisanti, Mariangela",Mariangela,Lisanti
"Loomis, Craig",Craig,Loomis
"Louden, Emma",Emma,Louden
"Lupton, Robert",Robert,Lupton
"Lust, Nate",Nathaniel,Lust
"MacArthur, Lauren",Lauren,MacArthur
"Mahlmann, Jens",Jens,Mahlmann
"Malkin, Vladimir",Vladimir,Malkin
"McComas, Dave",David,McComas
"Medlock, Isaabel Rosa Maarie",Isaabel Rosa Maarie,Medlock
"Melchior, Peter",Peter,Melchior
"Menegas, Alexander",Alexander,Menegas
"Meuren, Seth",Seth,Meuren
"Millholland, Sarah",Sarah,Millholland
"Mocz, Philip",Philip,Mocz
"Moody, Mackenzie",Mackenzie,Moody
"Mosley, Eric",Eric,Mosley
"Nagakura, Hiroki",Hiroki,Nagakura
"Nemer, Ahmad",Ahmad,Nemer
"Nicola, Andrina",Andrina,Nicola
"Ostriker, Eve",Eve,Ostriker
"Ostriker, Jeremiah P.",Jeremiah,Ostriker
"Page, Lyman",Lyman,Page
"Papamatthaiou, Alexandros",Alexandros,Papamatthaiou
"Philcox, Oliver",Oliver,Philcox
"Pisani, Alice",Alice,Pisani
"Plazas Malagon, Andres",Andres,Plazas
"Prager, Stewart",Stewart,Prager
"Pretorius, Frans",Frans,Pretorius
"Price, Paul",Paul,Price
"Prince, Heather",Heather,Prince
"Pulsinelli, Juliana",Juliana,Pulsinelli
"Qu, Kenan",Kenan,Qu
"Quataert, Eliot",Eliot,Quataert
"Rankin, Jamie",Jamie,Rankin
"Reed, Sophie",Sophie,Reed
"Ripperda, Bart",Bart,Ripperda
"Rojek, Lydia",Lydia,Rojek
"Schaeffer, Derek",Derek,Schaeffer
"Schmitz, Morgan",Morgan,Schmitz
"Secunda, Amy",Amy,Secunda
"Siddiqui, Hassan",Hassan,Siddiqui
"Slav, Shai",Slav,Shai
"Spalding, Chris",Chris,Spalding
"Spergel, David N.",David,Spergel
"Spitkovsky, Anatoly",Anatoly,Spitkovsky
"Staggs, Suzanne",Suzanne,Staggs
"Stefansson, Gudmundar",Gudmundur,Stefansson
"Steinhardt, Paul",Paul,Steinhardt
"Stone, James",James,Stone
"Strauss, Michael A.",Michael,Strauss
"Strauss, Polly",Polly,Strauss
"Strom, Allison",Allison,Strom
"Swaczyna, Pawel",Pawel,Swaczyna
"Szalay, Jamey",Jamey,Szalay
"Tamayo, Dan",Daniel,Tamayo
"Taranu, Dan",Dan,Taranu
"Tenbarge, Jason",Jason,TenBarge
"Totorica, Samuel",Samuel,Totorica
"Tremaine, Scott",Scott,Tremaine
"Tsiolis, Vassilis",Vassilis,Tsiolis
"Turner, Edwin",Edwin,Turner
"Vanderbei, Robert",Robert,Vanderbei
"Villaescusa-Navarro, Francisco",Francisco Antonio,Villaescusa-Navarro
"Wang, Liang",Liang,Wang
"Wang, Tianshu",Tianshu,Wang
"Waters, Chris",Christopher,Waters
"White, Chris",Christopher,White
"White, Dan",Daniel,White
"Winn, Josh",Joshua,Winn
"Xu, Wenrui",Wenrui,Xu
"Yee, Samuel",Samuel,Yee
"Zaldarriaga, Matias",Matias,Zaldarriaga
"Zhdankin, Vladimir",Vladimir,Zhdankin
"Zirnstein, Eric",Eric,Zirnstein
"Zorrilla Matilla, Jose Manuel",Jose,Zorilla Matilla
